Title, ID, Acousticness, Danceability, Energy, Instrumentalness, Liveness, Loudness, Speechiness, Valence, Tempo, Popularity
Love Shack,4W4wYHtsrgDiivRASVOINL,0.0325,0.715,0.817,1.61e-06,0.851,0.4870583982142068,0.0532,0.871,0.6084454545454545,0.71
Stand by Me,3SdTKo2uVsxFblQjpScoHy,0.57,0.65,0.306,7.07e-06,0.0707,0.33591466057218,0.0393,0.605,0.5366727272727273,0.79
Purple Rain,54X78diSLoUDI3joC2bjMz,0.0353,0.367,0.452,0.00228,0.689,0.29999284559330386,0.0307,0.189,0.5139363636363636,0.77
Like a Prayer,1z3ugFmUKoCzGsI6jdY4Ci,0.264,0.624,0.842,2.11e-05,0.181,0.5430536605564633,0.0376,0.257,0.5047136363636364,0.73
Private Eyes,5HQ639Z3ms3hnZx0KfWnkp,0.409,0.85,0.938,0.000346,0.0582,0.4511982362560495,0.0415,0.84,0.5492090909090909,0.66
Old Soul,2xI4tF521dtU3MY4MfPVeH,0.278,0.597,0.487,0.000539,0.307,0.44293492644484717,0.025,0.0377,0.4862181818181818,0.49
Born to Run,6hTcuIQa0sxrrByu9wTD7s,0.00501,0.27,0.944,2.05e-05,0.116,0.6156433244702185,0.0975,0.606,0.6652136363636364,0.75
Drunk in Love,6jG2YzhxptolDzLHTGLt7S,0.00969,0.589,0.621,0.00104,0.181,0.4505211267963132,0.0468,0.401,0.6365,0.74
Fuck it I love you,7MtVPRGtZl6rPjMfLoI3Lh,0.892,0.532,0.452,0.00113,0.127,0.2920593208898912,0.043,0.203,0.5904318181818182,0.8
Big Rings,7jslhIiELQkgW9IHeYNOWE,0.00196,0.776,0.675,0,0.227,0.48722722904641586,0.266,0.271,0.5999272727272728,0.65
Can't Stop Singing,2adTfABiJJQpZWlujYO3Qo,0.51,0.513,0.69,0,0.102,0.5621394618893089,0.0341,0.777,0.4403681818181818,0.59
Japanese Denim,1boXOL0ua7N2iCOUVI1p9F,0.0905,0.707,0.238,2.42e-06,0.0842,0.36106571313754615,0.0379,0.345,0.5643454545454546,0.77
Stuck With Me,6Ej6WtjqLbro72mF4Y1Xdb,0.693,0.578,0.391,3.47e-06,0.11,0.21318334942574646,0.114,0.224,0.36429545454545453,0.6
Ain't It Fun,1j8z4TTjJ1YOdoFEDwJTQa,0.154,0.61,0.893,4.41e-05,0.021,0.6536091113539242,0.0921,0.673,0.47286818181818185,0.74
The Champion,6gyJ8itbHFzjZvvdVaLc6Z,0.0821,0.663,0.875,0,0.122,0.6829412273554122,0.183,0.51,0.4138909090909091,0.17
Leave Me Alone,14mHfNsSHN0FbLftyjrV9g,0.107,0.792,0.743,0,0.183,0.7231332072205265,0.0851,0.742,0.6819272727272727,0.83
Shake It Off,5xTtaWoae3wi06K5WfVUUH,0.0561,0.648,0.785,0,0.148,0.5350207188972462,0.165,0.943,0.7273636363636364,0.68
Stronger,4fzsfWzRhPawzqhX8Qt9F3,0.00564,0.617,0.717,0,0.408,0.40341407728745415,0.153,0.49,0.4726909090909091,0.82
Single Ladies (Put a Ring on It),5R9a4t5t5O0IsznsrKPVro,0.0383,0.426,0.584,0,0.188,0.5425520042549944,0.296,0.272,0.8792590909090909,0.71
Like a Virgin,1ZPlNanZsJSPK5h9YZZFbZ,0.202,0.773,0.656,0.00323,0.0697,0.2845327586469556,0.0381,0.971,0.5443363636363636,0.73
Wrecking Ball,2vwlzO0Qp8kfEtzTsCXfyE,0.407,0.53,0.422,0,0.107,0.48509302251079633,0.0342,0.349,0.545290909090909,0.77
emotions,5ls62WNKHUUrdF3r1cv83T,0.0131,0.63,0.63,0,0.142,0.4879595058392367,0.0395,0.163,0.3659636363636364,0.8
Rehab,1L5tZi0izXsi5Kk5OJf4W0,0.0473,0.434,0.872,1.83e-06,0.396,0.7092338667287947,0.0702,0.732,0.3250681818181818,0.76
Black Velvet,1KU5EHSz04JhGg3rReGJ0N,0.273,0.754,0.366,9.04e-05,0.106,0.31244337755722695,0.0312,0.469,0.4143045454545455,0.73
Wonderwall - Remastered,5wj4E6IsrVtn8IBJQOd0Cl,0.000453,0.372,0.865,0,0.234,0.5665728336469373,0.0381,0.478,0.7933181818181818,0.74
On My Way,4n7jnSxVLd8QioibtTDBDq,0.0209,0.509,0.689,0,0.301,0.5658533072559023,0.102,0.297,0.7731227272727272,0.86
A Thousand Miles,4w1lzcaoZ1IC2K5TwjalRP,0.323,0.56,0.825,0,0.161,0.6400840806637293,0.0379,0.268,0.4315045454545454,0.79
Beautiful Crazy,2rxQMGVafnNaRaXlRMWPde,0.676,0.552,0.402,0,0.0928,0.42381307444203264,0.0262,0.382,0.46960454545454544,0.83
Die A Happy Man,5kNe7PE09d6Kvw5pAsx23n,0.381,0.66,0.383,0,0.119,0.3384856709025752,0.0304,0.381,0.37770909090909094,0.77
Copacabana (At the Copa),5FMXrphygZ4z3gVDHGWxgl,0.333,0.606,0.899,0.000102,0.0754,0.47675941473418576,0.0758,0.66,0.5306136363636363,0.61
Material Girl,22sLuJYcvZOSoLLRYev1s5,0.333,0.742,0.883,7.51e-06,0.0964,0.6736946121909818,0.0329,0.978,0.6204818181818181,0.75
Funkytown,4vAeAdQuqHE8NYi1xrZzX8,0.00239,0.898,0.543,0.415,0.0987,0.2944647133315069,0.0629,0.254,0.55515,0.54
Need You Now,11EX5yhxr9Ihl3IN1asrfK,0.0927,0.587,0.622,0.000636,0.2,0.5275939769909922,0.0303,0.231,0.49065,0.69
All I Have,4mnoPyJHlmMYPJsib5tfn0,0.00482,0.668,0.828,7.89e-06,0.189,0.6293058822865989,0.0651,0.357,0.6133727272727273,0.66
Hunger Strike,0W7AbEauB7cP4pidLclApe,0.025,0.369,0.613,4.96e-06,0.101,0.2856195558712598,0.0335,0.338,0.6263318181818182,0.61
We Are Family,5IKLwqBQG6KU6MP2zP80Nu,0.3,0.784,0.893,1.57e-05,0.272,0.551398277882087,0.0923,0.819,0.5397181818181818,0.72
ABC,6wDviYDtmSDZ0S6TVMM9Vc,0.523,0.736,0.689,0.000319,0.123,0.2564056575043578,0.0437,0.95,0.4262772727272727,0.66
Wannabe,1Je1IMUlBXcx1Fz0WE7oPT,0.101,0.768,0.864,0,0.162,0.49169423098695825,0.0324,0.891,0.5000363636363636,0.81
Push It,1Hc3yNWYf43zhBOSAM38ub,0.088,0.821,0.675,0,0.248,0.5900871716681009,0.28,0.405,0.6364181818181818,0.69
No Scrubs,1KGi9sZVMeszgZOWivFpxs,0.0251,0.743,0.675,0.000717,0.0685,0.6108259813761096,0.0953,0.59,0.4223136363636364,0.81
Lean on Me,3M8FzayQWtkvOhqMn2V4T2,0.782,0.619,0.22,1.19e-05,0.124,0.20205687332767938,0.0667,0.423,0.3416363636363636,0.71
Ymca,7Cp69rNBwU0gaFT8zxExlE,0.152,0.715,0.951,0,0.302,0.47259185385637154,0.132,0.671,0.57565,0.56
Supersonic Rocket Ship,7DTfOX4SIuMMt33sSVvLRr,0.863,0.622,0.43,0.0217,0.118,0.1651863826842811,0.0434,0.882,0.6737227272727272,0.6
Rock Lobster,2Q5wSOwq6BDSu7sSVMNrtT,0.00884,0.592,0.882,0.0155,0.0506,0.3826683974890364,0.0468,0.442,0.4188954545454545,0.6
Just a Friend,3yNVfRQlUPViUh8O2V9SQn,0.12,0.862,0.663,0,0.318,0.3533900519781691,0.21,0.837,0.3877636363636364,0.65
Tubthumping,5YScXJKtefsgdskIy60N7A,0.117,0.606,0.864,0,0.366,0.4202539641836201,0.0919,0.579,0.47197272727272727,0.64
MMMBop,0lnxrQAd9ZxbhBBe7d8FO8,0.00565,0.693,0.937,0.00411,0.0778,0.4830797666952209,0.0503,0.662,0.47656363636363636,0.68
MICKEY,3GxGAhRowXixzk521JQpZu,0.0295,0.971,0.466,0,0.097,0.5203304348022333,0.23,0.131,0.5454272727272728,0.66
Whip It,4sscDOZCkbLSlDqcCgUJnX,0.0744,0.78,0.869,0.004,0.0621,0.43251837592407044,0.0517,0.957,0.7177363636363636,0.68
Rico Suave,6FfdQJ9HJcJAvsPVIyoGZ5,0.00847,0.803,0.805,5.4e-05,0.0597,0.27115067495576706,0.132,0.415,0.48150454545454546,0.39
Closing Time,1A5V1sxyCLpKJezp75tUXn,0.0196,0.484,0.841,1.71e-06,0.148,0.5335393810051847,0.0291,0.304,0.41874545454545453,0.71
Torn,0KDaN0HL3TcJVTbXlQCEsS,0.0647,0.575,0.886,0.000187,0.709,0.5495540680719132,0.034,0.608,0.4377636363636364,0.67
Santeria,2hnMS47jN0etwvFPzYk11f,0.0268,0.682,0.765,3.42e-05,0.188,0.5598711194392529,0.0395,0.567,0.4127590909090909,0.75
Billie Jean,5ChkMS8OtdzJeqyybCc9R5,0.0236,0.92,0.654,0.0158,0.0359,0.7029529328129773,0.0401,0.847,0.5320272727272728,0.83
Tainted Love,58E1XVmZTODC67YNjneuXM,0.558,0.542,0.45,6.43e-06,0.579,0.31750106435468073,0.0361,0.626,0.6565318181818183,0.69
Dancing Queen,4NtUY5IGzHCaqfZemmAu56,0.382,0.539,0.884,0.00166,0.76,0.47030437781814394,0.0403,0.752,0.4582363636363636,0.74
Toast,7sd72KZS8D59g5NmhxyHpJ,0.0342,0.906,0.638,1.7e-05,0.0725,0.40067377768413825,0.256,0.789,0.45435909090909093,0.76
Brick House,5VJjhHyG8NZ5xdgG6uTb3P,0.087,0.845,0.783,0.00466,0.0321,0.29730177875068026,0.0666,0.577,0.4905818181818182,0.67
Wicked Game,390AWnOn2rfe9FzQjYmxIH,0.744,0.667,0.548,0.0122,0.0946,0.4060323739411298,0.0262,0.29,0.5115863636363637,0.71
She Loves You - Mono / Remastered,6nEkxYIEnrbYH7h1hJ8Xn6,0.26,0.377,0.916,0,0.074,0.6910362670128334,0.0481,0.912,0.3433318181818182,0.7
Creep,6b2oQwSGFkzsMtQruIWm2p,0.0102,0.515,0.43,0.000141,0.129,0.3173543816031479,0.0369,0.104,0.4174590909090909,0.84
Zombie,2IZZqH4K02UIYg5EohpNHF,0.0163,0.299,0.613,0.00359,0.368,0.35306360109618873,0.0347,0.306,0.758909090909091,0.82
Enter Sandman,5BIMPccDwShpXq784RJlJp,0.00206,0.579,0.824,0.00903,0.059,0.36559882360685636,0.03,0.635,0.5605954545454546,0.76
Royals,2dLLR6qlu5UJ5gk0dKz0h3,0.106,0.616,0.432,0,0.132,0.3319412895956095,0.133,0.302,0.3853545454545455,0.79
Push,2KVwlelhxKUy8LVV6JypH3,0.0067,0.42,0.672,0,0.108,0.40136869435797673,0.027,0.476,0.7637227272727273,0.73
Treasure,55h7vJchibLdUkxdlX3fK7,0.0412,0.874,0.692,7.24e-05,0.324,0.543367431263029,0.0431,0.937,0.52735,0.77
Call Me Maybe,3TGRqZ0a2l1LRblBkJoaDx,0.0123,0.778,0.585,0,0.108,0.47182812830030524,0.0435,0.626,0.5457681818181819,0.69
Greatest Love Story,2yQZwi1P8AkkxxFhQ8rMEK,0.401,0.671,0.617,0,0.119,0.36517671115251815,0.0561,0.62,0.6726636363636364,0.75
Iris,6Qyc6fS4DsZjB2mRW9DsQs,0.00125,0.315,0.715,7.97e-06,0.0942,0.39356304540710757,0.0362,0.497,0.7087500000000001,0.79
The Middle,09IStsImFySgyp0pIQdqAc,0.171,0.753,0.657,0,0.112,0.7021413186375636,0.0449,0.437,0.48640909090909096,0.86
Timber (feat. Ke$ha),3cHyrEgdyYRjgJKSOiOtcS,0.0295,0.581,0.963,0,0.139,0.6236607336820041,0.0981,0.788,0.5908727272727272,0.77
Poison,6m59VvDUi0UQsB2eZ9wVbH,0.00216,0.829,0.573,0.00432,0.612,0.3036890228063042,0.224,0.803,0.5084,0.68
No Diggity,6MdqqkQ8sSC0WB4i8PyRuQ,0.303,0.868,0.646,0,0.284,0.5827705990672798,0.288,0.67,0.40291363636363636,0.78
Ring of Fire,6YffUZJ2R06kyxyK6onezL,0.623,0.659,0.585,0.000213,0.348,0.3882792906922502,0.0288,0.784,0.4732318181818182,0.72
Overnight Celebrity,2tOZtdbkAMQASWokLvSlzj,0.182,0.828,0.792,0,0.281,0.5337243237102929,0.179,0.777,0.6099954545454546,0.66
Sunflower - Spider-Man: Into the Spider-Verse,3KkXRkHbMCARz0aVfEt68P,0.556,0.76,0.479,0,0.0703,0.5252222720053766,0.0466,0.913,0.4086863636363636,0.91
Baby Got Back,1SAkL1mYNJlaqnBQxVZrRl,0.00458,0.933,0.666,0,0.0908,0.27177789035055416,0.308,0.635,0.5839363636363637,0.69
Ice Ice Baby,3XVozq1aeqsJwpXrEZrDJ9,0.0023,0.978,0.787,4.6e-06,0.102,0.7244710772774394,0.0394,0.597,0.5273,0.72
Barbie Girl,2RSOzvKUnfDDrb2nQPfpQU,0.0146,0.814,0.955,0.283,0.218,0.5055176373647134,0.0377,0.963,0.5908727272727272,0.65
boyfriend (with Social House),0Ryd8975WihbObpp5cPW1t,0.119,0.4,0.795,0,0.159,0.6498445998835362,0.461,0.702,0.8640772727272727,0.93
Freaky Friday (feat. Chris Brown),10Igtw8bSDyyFs7KIsKngZ,0.147,0.755,0.599,0,0.109,0.5585145098745781,0.224,0.755,0.6051045454545454,0.8
Africa,2374M0fQpWi3dLnB54qaLX,0.257,0.671,0.373,7.95e-05,0.0481,0.12407921190938098,0.0323,0.732,0.4214409090909091,0.86
Wagon Wheel,3xdjjKMcMOFgo1eQrfbogM,0.456,0.529,0.663,0,0.142,0.438404141822058,0.0306,0.592,0.6731909090909091,0.78
Summer Nights,0QkWubamAKEvvcOTriSKX3,0.0201,0.835,0.609,1.28e-06,0.107,0.5214737968140991,0.0336,0.781,0.5916090909090909,0.63
Higher Love,6oJ6le65B3SEqPwMRNXWjY,0.0154,0.693,0.678,6.05e-06,0.101,0.43734185582205043,0.0324,0.404,0.4725090909090909,0.93
Work Out,2wAJTrFhCnQyNSD3oUgTZO,0.0531,0.831,0.427,0,0.307,0.45046908356103604,0.106,0.216,0.4227454545454546,0.76
I Like It,58q2HKrzhC3ozto2nDdN4z,0.099,0.816,0.726,0,0.372,0.6301060935507773,0.129,0.65,0.6184000000000001,0.86
Titanium (feat. Sia),77TT8Xvx637TpzV8kKGkUw,0.069,0.599,0.803,0.137,0.129,0.6566364159439313,0.0986,0.233,0.5729863636363637,0.68
Chop Suey!,2DlHlPMa4M17kufBvI2lEN,0.000278,0.419,0.934,0.0015,0.132,0.636691613668507,0.12,0.286,0.5785818181818182,0.82
Rahhh (feat. Charlie Farley),1BS4VnfQMyFFcBqATWGkTj,0.00673,0.657,0.753,5.4e-06,0.108,0.5033033131619257,0.126,0.623,0.4681045454545455,0.31
Queen of Mean,4o05DiC0RQ9DNtGJGauwna,0.248,0.543,0.787,0,0.0778,0.4708480086936735,0.241,0.343,0.7895545454545454,0.77
Kiss Me Thru The Phone,2q4rjDy9WhaN3o9MvDbO21,0.0175,0.761,0.724,0,0.116,0.6433459619973347,0.111,0.815,0.6815272727272728,0.77
Free Fallin',5tVA6TkbaAH9QMITTQRrNv,0.219,0.63,0.449,0,0.0622,0.2165591947556641,0.0252,0.623,0.3835363636363636,0.78
Thunder Road,56lhDZNQ5J47aog6mGKeGk,0.623,0.369,0.758,1.78e-05,0.531,0.5075071313834109,0.0364,0.663,0.6395909090909091,0.68
El Scorcho,3g2gQMeeQAEPztiQKMlGSl,0.0471,0.479,0.707,0,0.0932,0.5633096142486397,0.0659,0.661,0.6731454545454546,0.58
Drunken Angel,1Nh6fir02LnNOnfTQY3uzU,0.0673,0.467,0.577,1.12e-06,0.159,0.3962089385906547,0.0335,0.45,0.3440909090909091,0.37
Wild for the Night (feat. Skrillex & Birdy Nam Nam),2rzBvHM9h36Tpdj7Jdajka,0.0483,0.759,0.849,0,0.121,0.6131590834914836,0.335,0.681,0.6363681818181819,0.7
Shallow,2VxeLyX666F8uXCJ0dZF8B,0.371,0.572,0.385,0,0.231,0.4795212539272852,0.0308,0.323,0.43545,0.9
All Star,3cfOd4CMv2snFaKAnMdnvK,0.0319,0.731,0.861,0,0.0829,0.5069211746817208,0.0323,0.78,0.47288181818181824,0.82
All of Me,3U4isOIWM3VvDubwSI3y7a,0.922,0.422,0.264,0,0.132,0.4421680433517242,0.0322,0.331,0.5451363636363636,0.87
Panic On the Streets of Health Care City,1XBXsuZwwmtEW5UgkYmxRA,0.00199,0.415,0.94,6.15e-06,0.2,0.5716352017807375,0.111,0.335,0.7625454545454545,0.17
Don�t Call Me Angel (Charlie�s Angels) (with Miley Cyrus & Lana Del Rey),3NkJNL3WqO1Lqc3uNDxvCN,0.00268,0.643,0.721,6.51e-06,0.0898,0.5453798612809548,0.0449,0.317,0.4677909090909091,0.94
Hurt,6ws029JdM7CyhLgxto9MSU,0.019,0.564,0.781,0,0.362,0.5095044551713543,0.038,0.501,0.42723181818181816,0.74
Hello,4sPmO7WMQUAf45kwMOtONw,0.336,0.481,0.451,0,0.0872,0.4945425866904692,0.0347,0.289,0.7180272727272727,0.73
listen before i go,0tMSssfxAL2oV8Vri0mFHE,0.935,0.319,0.0561,0.00384,0.388,0.06996772208576463,0.045,0.082,0.36256363636363637,0.82
Womanizer,4fixebDZAVToLbUCuEloa2,0.073,0.724,0.695,0,0.0889,0.5467677287423162,0.0622,0.235,0.6318181818181818,0.76
Dilemma,0ARK753YaiJbpLUk7z5yIM,0.211,0.725,0.534,2.91e-05,0.221,0.3805083452098395,0.167,0.621,0.7641772727272728,0.79
Let It Go,13HVjjWUZFaWilh2QUJKsP,0.818,0.546,0.311,1.65e-05,0.107,0.30089527003840444,0.0288,0.246,0.670290909090909,0.75
Baby Shark,5ygDXis42ncn6kYG14lEVG,0.245,0.825,0.84,0,0.341,0.6558782778120646,0.227,0.52,0.5230090909090909,0.79
Price Tag,5mvKuE9Lf9ARVXVXA32kK9,0.0281,0.638,0.831,3.06e-06,0.277,0.6340491862690948,0.182,0.685,0.7956272727272727,0.63
Hey Ya!,2PpruBYCo4H7WOBJ7Q2EwM,0.103,0.728,0.974,0.000532,0.175,0.7701261375574036,0.0665,0.965,0.3614818181818182,0.8
Hey Jude - Remastered 2015,0aym2LBJBk9DAYuHHutrIl,0.0112,0.386,0.607,1.38e-05,0.088,0.4108451572928951,0.0261,0.532,0.6691227272727273,0.8
September,7Cuk8jsPPoNYQWXK9XRFvG,0.165,0.694,0.831,0.000892,0.25,0.43087262107027213,0.0301,0.98,0.5722772727272727,0.83
Le Freak - 2018 Remaster,3ClOMebBxeNTYCOfTH24YJ,0.0258,0.91,0.641,6.42e-05,0.0642,0.27055616113142866,0.0589,0.903,0.5387863636363637,0.7
Hot Stuff,2zMJN9JvDlvGP4jB03l1Bz,0.00559,0.823,0.743,0.0306,0.0707,0.19888412093872965,0.0316,0.966,0.5475954545454546,0.65
Jolene,2SpEHTbUuebeLkgs9QB7Ue,0.566,0.674,0.537,0,0.131,0.2815572099198788,0.0363,0.809,0.5026272727272727,0.77
Greatest Love Story,2yQZwi1P8AkkxxFhQ8rMEK,0.401,0.671,0.617,0,0.119,0.36517671115251815,0.0561,0.62,0.6726636363636364,0.75
One Man Band,3ksmU0DaEUMEVzx5V6cc3z,0.667,0.705,0.363,0,0.112,0.3821382739859299,0.0355,0.482,0.3453636363636364,0.8
Tainted Love,58E1XVmZTODC67YNjneuXM,0.558,0.542,0.45,6.43e-06,0.579,0.31750106435468073,0.0361,0.626,0.6565318181818183,0.69
God is a woman,5OCJzvD7sykQEKHH7qAC3C,0.0233,0.602,0.658,6e-05,0.237,0.503826880205252,0.0558,0.268,0.6592318181818182,0.83
Ironic,4oGTdOClZUxcM2H3UmXlwL,0.25,0.295,0.593,0,0.236,0.416965521912482,0.0555,0.37,0.38855454545454543,0.6
Woah (feat. D3Mstreet),5lN7UtvhpwEHzifSjKw3z2,0.00739,0.888,0.522,0,0.0452,0.3561770996453107,0.43,0.623,0.6545954545454545,0.75
Halo,4JehYebiI9JE8sR8MisGVb,0.272,0.508,0.72,0,0.0563,0.5053424686583592,0.0628,0.472,0.36355909090909094,0.8
Love On Top,1z6WtY7X4HQJvzxC4UgkSf,0.0849,0.652,0.748,0,0.604,0.545758020839111,0.0887,0.652,0.4277272727272727,0.77
Shake It Out,4lY95OMGb9WxP6IYut64ir,0.0126,0.519,0.808,0,0.105,0.6229406685560507,0.0383,0.251,0.4886590909090909,0.65
Stay,4H7WNRErSbONkM06blBoGc,0.414,0.479,0.468,0,0.148,0.5361344207434116,0.0274,0.35,0.39051363636363634,0.81
So Yesterday,0J1Wfjo9H3R62yaCuuNDZX,0.229,0.547,0.832,0,0.306,0.6482699778515276,0.0808,0.771,0.35549545454545456,0.55
All of Me,3U4isOIWM3VvDubwSI3y7a,0.922,0.422,0.264,0,0.132,0.4421680433517242,0.0322,0.331,0.5451363636363636,0.87
She's so High,7mnGQesk1TzQLzQ9bYWZPR,0.2,0.537,0.84,2.15e-06,0.0998,0.5860111418372569,0.0363,0.211,0.5648590909090909,0.73
Why Don't You Love Me (feat. Jazzy Eff),0W3l7Hz7G6ZyYbCTICSXFo,0.033,0.605,0.735,0,0.148,0.5423013499115341,0.313,0.836,0.5908681818181819,0.34
She Bangs the Drums - Remastered,3clIHVzJ9J2rvvrFUKLICo,0.00649,0.34,0.976,0.00643,0.123,0.5755447456638814,0.0912,0.669,0.6578954545454545,0.62
Valerie - Live At BBC Radio 1 Live Lounge London / 2007,6CQaVuICm1WVXyy3SZ5jEI,0.751,0.739,0.365,1.65e-06,0.161,0.5157820007354895,0.0415,0.699,0.43679545454545454,0.68
Lucky You (feat. Joyner Lucas),60SdxE8apGAxMiRrpbmLY0,0.0627,0.876,0.786,0,0.127,0.5688026139362523,0.306,0.575,0.6957636363636365,0.83
Lucid Dreams,285pBltuF7vW8TeWk8hdRR,0.349,0.511,0.566,0,0.34,0.43376934357603397,0.2,0.218,0.38137727272727273,0.89
Smooth Criminal,5z6xHjCZr7a7AIcy8sPBKy,0.00434,0.647,0.964,0.0036,0.15,0.6137969292597055,0.06,0.875,0.5770090909090909,0.75
Underwater,5ZvHcR4OSwvEV5IhigbTOT,0.019,0.611,0.809,0.0185,0.114,0.4649024713065809,0.0342,0.428,0.5363772727272728,0.68
Sign of the Times,5Ohxk2dO5COHF1krpoPigN,0.0275,0.516,0.595,0,0.109,0.5857404097473086,0.0313,0.222,0.5453272727272727,0.8
Centerfold,1ynmMEK1fkyiZ6Z6F3ThEt,0.249,0.653,0.677,0,0.403,0.2430513973052746,0.0396,0.888,0.5198636363636364,0.74
Super Trouper,2nMghZvtLx6DDgTEHEsb4w,0.457,0.764,0.626,6.35e-06,0.172,0.38448520781756723,0.0288,0.961,0.5378363636363637,0.61
New Romantics,6rZVy6FIG7lSJQMFXHo12z,0.00463,0.633,0.889,0.000458,0.0658,0.5075657642929874,0.0715,0.584,0.5543454545454546,0.58
Uptown Funk,32OlwWuMpZ6b0aN2RZOeMS,0.00801,0.856,0.609,8.15e-05,0.0344,0.4341202624430892,0.0824,0.928,0.5226727272727273,0.82
Everytime,4zvHZWOGyL7WcmqHOgtGCW,0.0252,0.431,0.669,0.0433,0.117,0.3126239040621721,0.035,0.855,0.9268454545454545,0.72
One Thing Right,4hPpVbbakQNv8YTHYaOJP4,0.0667,0.659,0.623,0,0.582,0.7708382142372457,0.0451,0.439,0.4001909090909091,0.89
Modern Love - 2018 Remaster,3gxEZXUjrNbl3TlSrTGbR5,0.00375,0.358,0.938,9.2e-06,0.117,0.5250402753763069,0.0483,0.944,0.8310727272727273,0.68
Some Nights,6t6oULCRS6hnI7rm0h5gwl,0.0178,0.672,0.738,6.75e-05,0.0927,0.4431396531400726,0.0506,0.392,0.49062727272727275,0.72
The Way Life Goes (feat. Oh Wonder),2eAZfqOm4EnOF9VvN50Tyc,0.617,0.703,0.757,0,0.106,0.65883997586707,0.05,0.696,0.37276363636363635,0.8
My Happy Ending,6sqNctd7MlJoKDOxPVCAvU,0.00136,0.414,0.936,0,0.369,0.7572456724347512,0.0758,0.74,0.7737681818181819,0.7
I'm On A Boat,3IQSYqnKsCTMLWn2xE3HFT,0.0421,0.622,0.872,0,0.0996,0.7691481060537899,0.264,0.643,0.6816318181818182,0.62
SUGAR,6U0FIYXCQ3TGrk4tFpLrEA,0.449,0.453,0.538,0,0.19,0.38724897710323875,0.0638,0.516,0.5589681818181819,0.8
Stay With Me,5Nm9ERjJZ5oyfXZTECKmRt,0.588,0.418,0.42,6.39e-05,0.11,0.475000191437443,0.0414,0.184,0.3822454545454545,0.85
Girl Crush,11qh54D0PKkBwelpDxxiEU,0.842,0.5,0.225,0,0.112,0.3070757873422937,0.0302,0.355,0.7899454545454546,0.69
Roar,6F5c58TMEs1byxUstkzVeM,0.00487,0.554,0.772,6.6e-06,0.354,0.5729574865171394,0.0418,0.455,0.8181090909090909,0.79
Tah Dah,5m8Msk1mup6LXeFndWyWD8,0.123,0.764,0.808,7.54e-06,0.143,0.6347087632062958,0.0357,0.692,0.45465,0.32
Mamma Mia,22NN4BS1AlqVbyKIWExgON,0.287,0.75,0.754,0.000207,0.444,0.4455008223706362,0.0327,0.83,0.62515,0.65
Goodbye Earl,7rqaqQurHzR5xHAhdm1gmM,0.0192,0.705,0.7,0,0.0755,0.42631744588397835,0.0295,0.765,0.5583681818181818,0.61
Burning Up (Fire),4z9gBZQjGS4QLb4LOvmeuA,0.00227,0.627,0.706,0,0.122,0.6908766221763901,0.0597,0.536,0.45422727272727276,0.74
Do I Look Worried,1JFdocYRMthec2BNrkOF1b,0.404,0.432,0.603,0.000619,0.243,0.40862045583118284,0.0312,0.587,0.3689090909090909,0.45
Killer Queen - Remastered 2011,7GqWnsKhMtEW0nzki5o0d8,0.34,0.568,0.642,0,0.171,0.4722098366775338,0.0447,0.604,0.5332045454545454,0.7
I Will Survive - Single Version,7cv28LXcjAC3GsXbUvXKbX,0.0181,0.775,0.731,0.00952,0.253,0.36538770642426033,0.0536,0.558,0.5302727272727272,0.67
Stitches,5jsw9uXEGuKyJzs0boZ1bT,0.0152,0.746,0.754,0,0.0486,0.4621714348836731,0.067,0.764,0.6812818181818182,0.76
Chandelier,2s1sdSqGcKxpPr5lCl7jAV,0.0197,0.399,0.787,6.07e-05,0.0685,0.7169776240079136,0.0499,0.572,0.5322227272727272,0.72
Old Town Road - Remix,2YpeDb67231RjR0MgVLzsG,0.0533,0.878,0.619,0,0.113,0.5260724241003581,0.102,0.639,0.6183681818181818,0.94
Truth Hurts,5qmq61DAAOUaW8AUo8xKhh,0.11,0.715,0.624,0,0.123,0.7033590916411587,0.114,0.412,0.7185772727272727,0.94
Sweet Caroline,62AuGbAkt8Ox2IrFFb8GKV,0.611,0.529,0.127,0.000109,0.237,0.1562938952093027,0.0274,0.578,0.28659090909090906,0.8
thank u next,3e9HZxeyfWwjeyPAMmWSSQ,0.229,0.717,0.653,0,0.101,0.5215942967649291,0.0658,0.412,0.48620909090909087,0.89
Sucker,4y3OI86AEP6PQoDE6olYhO,0.0427,0.842,0.734,0,0.106,0.5570324707780351,0.0588,0.952,0.6270818181818182,0.88
Irreplaceable,6RX5iL93VZ5fKmyvNXvF1r,0.0293,0.447,0.694,5.46e-06,0.167,0.5852669295189953,0.382,0.509,0.7994,0.75
Pompeii,3gbBpTdY8lnQwqxNCcf795,0.0755,0.679,0.715,0,0.271,0.4783593380917368,0.0407,0.571,0.57925,0.71
Mad Love,79JBjIq90BrQ8Ws0pUhlzD,0.667,0.622,0.796,0,0.106,0.7071884740838458,0.172,0.62,0.898659090909091,0.84
Havana (feat. Young Thug),1rfofaqEpACxVEHIZBJe6W,0.184,0.765,0.523,3.56e-05,0.132,0.6061863760894095,0.03,0.394,0.4772181818181818,0.87
Record Year,5fSPbm5lcwtqwXkeQQswW8,0.205,0.589,0.641,0,0.0864,0.3913867081495502,0.0838,0.57,0.7274136363636364,0.7
Sorry Not Sorry,7gvd8xj4QgPqbQSsn5pV7d,0.0237,0.705,0.64,0,0.262,0.44916995474962945,0.225,0.887,0.6548954545454545,0.82
Pretty Hurts,7lUA4P03AhwAw40JHkdyGr,0.00308,0.512,0.625,0.000164,0.346,0.4577610657256137,0.0508,0.201,0.5906136363636364,0.67
Eternal Flame,5MoDQWMDMaAGDEiWsJfeCi,0.525,0.526,0.358,0,0.0942,0.4333185789550411,0.0243,0.4,0.35903636363636365,0.72
Maps,4gbVRS8gloEluzf0GzDOFc,0.0205,0.742,0.713,0,0.059,0.5283869228740429,0.0303,0.879,0.5456,0.78
Bad Romance,0SiywuOBRcynK0uKGWdCnn,0.00314,0.696,0.921,5.24e-05,0.0842,0.6480453435262437,0.0363,0.714,0.5409136363636364,0.79
Lovefool,0u4htORODiTK9vHVA89MQX,0.0646,0.64,0.602,0,0.375,0.40136869435797673,0.0299,0.951,0.5085000000000001,0.7
Don't Speak,6urCAbunOQI4bLhmGpX7iS,0.224,0.515,0.705,1.33e-05,0.17,0.44262801372954014,0.0333,0.532,0.3458090909090909,0.69
Super Bass,0iYebKFUSfF72fUu2OW6ZT,0.269,0.72,0.861,5.11e-06,0.601,0.605766345300325,0.209,0.669,0.5772318181818182,0.72
Linger,0gEyKnHvgkrkBM6fbeHdwK,0.0783,0.439,0.434,4.87e-05,0.14,0.17845925985259067,0.0265,0.204,0.43111363636363637,0.77
With You I Am,34SQ0QfLSR316d8KL2zkuZ,0.403,0.559,0.665,0,0.14,0.4867209120360253,0.027,0.397,0.34101363636363635,0.68
Superstar,7dltD9eEX7X1zk8JJ9BS0e,0.207,0.572,0.822,0,0.359,0.49913431629869626,0.361,0.472,0.4309636363636363,0.67
Crush Culture,2sHwSBNDZN2yjCtgwStYt1,0.146,0.522,0.765,0,0.0866,0.5361963609981754,0.193,0.455,0.8184772727272727,0.75
The Bad Touch,5EYdTPdJD74r9EVZBztqGG,0.00474,0.841,0.741,0.0121,0.0911,0.4873398154457744,0.0392,0.97,0.5590181818181817,0.71
Another Night,4kCvpSVa2XQUiarE7EE5Fs,0.608,0.61,0.576,0,0.0716,0.3838195226619671,0.0641,0.568,0.3680590909090909,0.61
Don't Stop Me Now - Remastered,7hQJA50XrCWABAu5v6QZ4i,0.0488,0.559,0.855,0.000681,0.68,0.5562607948134387,0.186,0.605,0.7105045454545454,0.78
Pony,6mz1fBdKATx6qP4oP1I65G,0.00186,0.749,0.605,0.0381,0.115,0.33919026439450894,0.086,0.966,0.6455636363636363,0.75
Bye Bye Bye,62bOmKYxYg7dhrC6gH9vFn,0.031,0.61,0.926,0.0012,0.0821,0.5715031412614133,0.0479,0.861,0.7847181818181819,0.74
Bodak Yellow,6KBYefIoo7KydImq1uUQlL,0.0659,0.926,0.703,0,0.231,0.48090816743312276,0.103,0.485,0.5682818181818182,0.78
Hold On,5vjLSffimiIP26QG5WcN2K,0.497,0.608,0.445,0,0.0802,0.3317496081532148,0.055,0.189,0.5449363636363637,0.8
Family Affair,3aw9iWUQ3VrPQltgwvN9Xu,0.138,0.925,0.56,1.19e-05,0.0861,0.6450576465369295,0.0436,0.966,0.42224999999999996,0.72
Milkshake - Radio Mix,2s0ouHqJebHfiQ6C1GUFJd,0.00862,0.891,0.77,0.0315,0.155,0.49288853674779187,0.0439,0.819,0.5136227272727273,0.59
Lady Marmalade - From "Moulin Rouge" Soundtrack,7GQqj9jRtDkMp8zByehXQI,0.0174,0.751,0.766,8.07e-06,0.658,0.6602114205075,0.0515,0.673,0.4995318181818182,0.66
La Bamba - Single Version,2aEeghgUcnu75tzcolFMfs,0.787,0.516,0.809,0.000331,0.303,0.4763740287290846,0.0545,0.939,0.34135909090909095,0.66
I Know That He's Mine - Acoustic version,4HZkVI8U4qMegIKENg4SZ4,0.693,0.649,0.174,0,0.117,0.20959361410780322,0.0557,0.247,0.6345545454545455,0.35
Get Lucky,69kOkLUCkxIZYexIgSG8rq,0.0378,0.81,0.793,1.82e-06,0.072,0.3374315240368204,0.0403,0.863,0.5274954545454545,0.73
Indian Outlaw,1fYypIR0kaFzaSRbzvtjl9,0.0364,0.664,0.739,4.99e-05,0.282,0.43381945747025574,0.0415,0.759,0.5004590909090909,0.61
Free Bird,5EWPGh7jbTNO2wakv8LjUI,0.0765,0.252,0.844,0.00018,0.084,0.3913414959956131,0.0572,0.351,0.5370818181818182,0.73
Oh Where Have You Been Billy Boy - Instrumental,4CJHdfbFBdZuBhl215G9yW,0.976,0.635,0.221,0.949,0.128,0.07820113371835938,0.0652,0.883,0.49962727272727275,0.09
DJ Turn It Up,1ivuWgxFQb2xzxVNSlB1hF,0.000956,0.829,0.695,0.178,0.112,0.5260116533410932,0.0473,0.369,0.4637181818181818,0.71
Yes Indeed,6vN77lE9LK6HP2DewaN6HZ,0.035,0.964,0.346,0,0.108,0.34115517360693604,0.53,0.562,0.5452636363636364,0.83
Nghamet El Herman,7fAXfwMh9TVM21exmkxuGR,0.383,0.683,0.908,0.135,0.0778,0.49884608826351173,0.0582,0.942,0.6703727272727272,0.4
Work Sucks Don't Tweak,63tViBZly4d5N3S2vV5bcL,0.531,0.694,0.602,2.84e-05,0.109,0.34226049047148865,0.271,0.468,0.5908409090909091,0.3
Hot,6z7fZRrQfOH3ZjWEkC4QhC,0.0173,0.6,0.938,0,0.355,0.6442384473574795,0.0821,0.469,0.6588772727272727,0.62
Macarena,4oaj36KzXRgDg4McgcTsZK,0.422,0.927,0.721,4.36e-05,0.0422,0.23431155384423022,0.0908,0.965,0.4682636363636364,0.62
Beat It - Single Version,1OOtq8tRnDM8kG2gqUPjAj,0.0491,0.779,0.867,7.98e-06,0.197,0.6518747351832842,0.0457,0.915,0.6311727272727273,0.79
Say My Name,7H6ev70Weq6DdpZyyTmUXk,0.273,0.713,0.678,0,0.149,0.6654951236118716,0.102,0.734,0.6273136363636364,0.78
Believer,0pqnGHJpmpxLKifKRmU6WP,0.0622,0.776,0.78,0,0.081,0.6033219598603814,0.128,0.666,0.56795,0.9
Hot N Cold,1y4eb6hmAvsqlDOl3fx9kk,7.95e-05,0.706,0.841,0,0.0688,0.6331708164377412,0.0418,0.861,0.6001454545454546,0.66
Slide Away,44ADyYoY5liaRa3EOAl4uf,0.17,0.53,0.538,2.83e-06,0.248,0.46265221401892614,0.0335,0.288,0.6729590909090909,0.89
Let's Get It On,0jHkgTtTaqg5LNCiYDQPUB,0.0379,0.543,0.62,1.19e-06,0.0559,0.2929040405208367,0.0648,0.607,0.7597318181818181,0.65
I Want It That Way,6e40mgJiCid5HRAGrbpGA6,0.216,0.689,0.702,0,0.159,0.5211124639649912,0.0261,0.484,0.4501409090909091,0.79
Since U Been Gone,3xrn9i8zhNZsTtcoWgQEAd,0.00165,0.662,0.741,0.0303,0.114,0.5355154115957275,0.0334,0.404,0.5954545454545455,0.75
If You Like Pi�a Coladas,27FMiZtIDfIagw12NHmHl1,0.00291,0.537,0.737,0.813,0.0524,0.3695906078184605,0.0364,0.703,0.5633772727272727,0.3
Grandpa (Tell Me 'Bout The Good Old Days),1KNNTdw7SzJ90p6RXq4kGE,0.426,0.565,0.456,8.08e-06,0.0612,0.39120589086825563,0.031,0.588,0.9165636363636364,0.57
It's Raining Men,4caiYv89C9GZdDD1RzshWd,0.461,0.66,0.927,5.73e-05,0.699,0.5077417036684311,0.156,0.458,0.6193045454545455,0.6
Son of a Preacher Man,7odHgoLFi3GQ90E9PeraI3,0.394,0.401,0.498,0,0.13,0.291116126738604,0.0757,0.816,0.8259136363636363,0.64
Don't Stop Believin',4bHsxqR3GMrXTxEPLuK5ue,0.127,0.5,0.748,0,0.447,0.3506248126606003,0.0363,0.514,0.5402363636363636,0.82
Bohemian Rhapsody - Remastered 2011,7tFiyTwD0nx5a1eklYtX2J,0.254,0.397,0.396,0,0.268,0.31827226183134916,0.05,0.227,0.6496045454545455,0.79
I Wanna Be Sedated,5NoQvINZLBV1wMYPdNmReL,0.121,0.56,0.965,6.23e-06,0.169,0.7630414493834577,0.0409,0.964,0.7401136363636364,0.66
Losing My Religion,31AOj9sFz2gM0O3hMARRBx,0.163,0.671,0.849,0,0.0937,0.5592893123182647,0.0284,0.829,0.5709681818181818,0.82
Never Gonna Give You Up,7GhIk7Il098yCjg4BQjzvb,0.135,0.727,0.939,4.35e-05,0.151,0.2542230356233639,0.0369,0.916,0.5151363636363636,0.69
Mack the Knife,3E5ndyOfO6vFDEIE42HA8o,0.76,0.549,0.529,0,0.206,0.24173528881705697,0.108,0.464,0.3761590909090909,0.62
If I Was Your Girlfriend,6yK7QgE4H7dIzHa9EV4FKL,0.46,0.87,0.366,0.0139,0.071,0.1113880729041799,0.0977,0.819,0.4397272727272727,0.5
When I Was Your Man,0nJW01T7XtvILxQgC5J7Wh,0.932,0.612,0.28,0,0.088,0.3682268331609761,0.0434,0.387,0.33088636363636365,0.84
That's The Way (I Like It) - 2004 Remastered Version,1qiQduM84A0VeH8Y2uAbqi,0.191,0.68,0.877,0.000656,0.349,0.30633171976008683,0.0353,0.922,0.4939727272727273,0.62
Don't Worry Be Happy,4hObp5bmIJ3PP3cKA9K9GY,0.88,0.675,0.166,7.14e-05,0.0461,0.07345477052623568,0.171,0.747,0.3128954545454546,0.68
Eye of the Tiger,2KH16WveTQWT6KOG9Rg6e2,0.132,0.817,0.599,0.000311,0.0873,0.3435280954940676,0.0328,0.548,0.4948772727272727,0.78
The Boy Is Mine,6sHsXIJoEN5JpdkGMQDJxt,0.539,0.704,0.707,0.00106,0.318,0.46992420970872134,0.0391,0.761,0.4233863636363636,0.69
Cruisin',2gliw3L0oa4w8LqaHploje,0.405,0.499,0.637,0,0.357,0.5126336189442969,0.0279,0.815,0.7687227272727273,0.62
Islands In the Stream,4dqEzdFAYkj1rjYLVDuTlN,0.702,0.595,0.473,0,0.0725,0.32130158436734324,0.0347,0.716,0.9273454545454545,0.66
Up Where We Belong,0Co8hKbjUy273NrGliGdWZ,0.597,0.573,0.429,8.18e-05,0.0839,0.36686809077778954,0.0294,0.361,0.6322590909090909,0.55
Empire State of Mind (Part II) Broken Down,5sra5UY6sD658OabHL3QtI,0.739,0.479,0.368,4.1e-05,0.118,0.4068775729932211,0.0341,0.142,0.4225409090909091,0.75
Ebony And Ivory - Remixed 2015,3fVSMbeq8tY3G85yxcJwRU,0.0784,0.567,0.692,0,0.0338,0.40234360297735955,0.0379,0.708,0.7304409090909091,0.63
California Dreamin' - Single Version,4s6LhHAV5SEsOV0lC2tjvJ,0.352,0.552,0.616,0,0.0501,0.32290163848100933,0.0346,0.667,0.5111,0.78
Rapper's Delight,0FWhGmPVxLI6jOVF0wjALa,0.465,0.9,0.845,0,0.0724,0.42997757756069366,0.257,0.914,0.5053954545454545,0.58
Party All the Time,6N5DRCQUSXT1qQqmqsO92B,0.0098,0.699,0.696,0.000345,0.0427,0.22156982657003624,0.0458,0.673,0.6137590909090909,0.6
Good Riddance (Time of Your Life),6ORqU0bHbVCRjXm9AjyHyZ,0.183,0.475,0.432,0,0.161,0.40406706430120254,0.0302,0.648,0.4300227272727273,0.77
You Oughta Know - 2015 Remaster,3jS7bB0oXVOwGFZn3aE5NV,0.21,0.665,0.834,0,0.452,0.40909278546841327,0.0576,0.411,0.4786,0.68
I'll Stand by You,3Nf8oGn1okobzjDcFCvT6n,0.3,0.438,0.606,4.49e-06,0.0754,0.46927320777106457,0.0305,0.266,0.6082818181818181,0.71
Genie In a Bottle,11mwFrKvLXCbcVGNxffGyP,0.21,0.627,0.8,0.000123,0.137,0.44828868788514825,0.162,0.912,0.7991590909090909,0.74
Gettin' Jiggy Wit It,0weAUscowxeqDtpCgtbpgp,0.0175,0.881,0.874,1.19e-06,0.154,0.5942602001935255,0.139,0.858,0.4904136363636364,0.72
Who Am I (What's My Name)?,5XhkV07Vou38wnrzwURUOC,0.000136,0.692,0.833,1.98e-05,0.515,0.6318555427303995,0.0492,0.692,0.4400636363636363,0.72
I Think We're Alone Now,4uvjOKsp7mSjrDhWdkLPBY,0.0295,0.755,0.727,0.00702,0.0226,0.24881867345505732,0.0488,0.932,0.5932318181818181,0.7
Don't You Want Me,3L7RtEcu1Hw3OXrpnthngx,0.184,0.731,0.738,0,0.214,0.3911606996019435,0.0377,0.958,0.5348,0.76
I Just Can't Wait to Be King - From "The Lion King"/Soundtrack Version,0qxtQ8rf3W1nId3D2r0xH4,0.294,0.625,0.52,5.99e-05,0.0951,0.1936021214655633,0.0586,0.902,0.44917727272727276,0.7
You Shook Me All Night Long,2SiXAy7TuUkycRVbbWDEpo,0.00287,0.532,0.767,0.000513,0.39,0.529181060512877,0.0574,0.755,0.5789136363636364,0.8
Part-Time Lover,0Dm43YLUlGdePpSbI1ct8h,0.165,0.662,0.624,0,0.0674,0.20766548139448726,0.0417,0.961,0.7932409090909092,0.66
Stayin' Alive - From "Saturday Night Fever" Soundtrack,3mRM4NM8iO7UBqrSigCQFH,0.0322,0.703,0.826,0.00629,0.179,0.4363325480214691,0.0341,0.945,0.4707454545454545,0.79
I'm Every Woman,1oFiPGBafH9Woo9AMwgBSl,0.127,0.617,0.879,5.71e-05,0.339,0.417351058008418,0.0455,0.746,0.5202409090909091,0.67
Do Ya Think I'm Sexy (45 Version),3wsPg2KrRYZFi0inIFa41x,0.0107,0.716,0.465,0.000667,0.099,0.17263936078489217,0.0307,0.877,0.5094863636363637,0.49
Play That Funky Music,5uuJruktM9fMdN9Va0DUMl,0.0435,0.814,0.672,0,0.061,0.2480437767686938,0.0619,0.933,0.49724545454545455,0.69
Big Yellow Taxi,6UkMcAA19lTdjs22jtB7o2,0.579,0.611,0.47,0,0.581,0.3480822131578733,0.0356,0.97,0.3887590909090909,0.71
You're so Vain,2DnJjbjNTV9Nd5NOa1KGba,0.157,0.659,0.678,6.69e-06,0.0784,0.3886832026771237,0.0313,0.647,0.4826636363636364,0.77
Time After Time,1Jj6MF0xDOMA3Ut2Z368Bx,0.576,0.724,0.436,1.19e-06,0.0908,0.34068255978012896,0.0282,0.324,0.5929045454545454,0.74
Try a Little Tenderness,36AlMHDBFwSsD3FQOy1R81,0.186,0.587,0.133,2.26e-05,0.258,0.17371970743345386,0.0565,0.068,0.46790000000000004,0.65
Come To My Window,4LmlGaGTEbTGE5VngAbpA3,0.08,0.512,0.636,0.000106,0.088,0.3298007687318938,0.0262,0.499,0.44207727272727276,0.55
Sweetest Thing,7ndGFo9nZ108KPgXtfYWCe,0.0404,0.521,0.651,1.32e-05,0.16,0.3535942370419229,0.0516,0.512,0.6436909090909091,0.67
I Melt with You (7" Mix),24y09nBEJNRP46uA0FRQQ2,0.000388,0.467,0.641,8.47e-05,0.0594,0.24420534231846508,0.0448,0.587,0.7096999999999999,0.58
That's The Way Love Goes,29rQJydAlO0uMyWvRIZxQg,0.302,0.703,0.7,0.471,0.0718,0.45644090722655944,0.0693,0.582,0.4439772727272727,0.67
Nothing Compares 2 U,3nvuPQTw2zuFAVuLsC9IYQ,0.0425,0.511,0.574,2.33e-05,0.105,0.44462675430641485,0.0273,0.161,0.5450772727272727,0.73
Pour Some Sugar On Me - Remastered 2017,0PdM2a6oIjqepoEfcJo0RO,0.00211,0.267,0.953,0,0.283,0.5678178076319652,0.096,0.568,0.38631363636363636,0.77
BORN IN THE USA,0yJqMTbkajyRhmwSjCd8Kq,0.0242,0.553,0.73,1.55e-05,0.189,0.4470474891866837,0.0296,0.455,0.5530181818181819,0.39
Under the Bridge,3d9DChrdc6BOeFsbrZ3Is0,0.0576,0.559,0.345,0.000105,0.141,0.21032127042518325,0.0459,0.458,0.3844590909090909,0.83
We're Not Gonna Take It,1hlveB9M6ijHZRbzZ2teyh,0.0127,0.502,0.924,0,0.162,0.48302396235562295,0.0503,0.922,0.6781181818181818,0.75
Livin' On A Prayer,37ZJ0p5Jm13JPevGcx4SkF,0.0778,0.532,0.887,0.000214,0.294,0.6478956305548502,0.0335,0.795,0.5568681818181818,0.85
Sweet Home Alabama,7e89621JPkKaeDSTQ3avtg,0.181,0.596,0.605,0.000331,0.0863,0.24584711549347915,0.0255,0.886,0.4445363636363636,0.84
Piece of My Heart,1xKQbqQtQWrtQS47fUJBtl,0.263,0.443,0.727,0.000141,0.169,0.39910308431874936,0.145,0.566,0.731,0.7
...Baby One More Time,3MjUtNVVq3C8Fn0MP3zhXa,0.202,0.759,0.699,0.000131,0.443,0.5149484783374491,0.0307,0.907,0.4225454545454545,0.78
All About That Bass,5jE48hhRu8E6zBDPRSkEq7,0.0573,0.807,0.887,2.87e-06,0.124,0.6502200732742401,0.0503,0.961,0.6093272727272727,0.71
This Is How We Do It,6uQKuonTU8VKBz5SHZuQXD,0.0159,0.799,0.63,0,0.453,0.34233957857241504,0.0748,0.772,0.4711227272727273,0.67
Let's Stay Together,63xdwScd1Ai1GigAwQxE8y,0.57,0.756,0.397,0.0115,0.0542,0.29047783748536066,0.0522,0.507,0.4635681818181818,0.76
End Of The Road,24BNgrtp6Fag4M5BQPEgsV,0.0568,0.373,0.717,0,0.114,0.5097399506292245,0.083,0.293,0.4998954545454546,0.68
Doo Wop (That Thing),0uEp9E98JB5awlA084uaIg,0.0393,0.535,0.505,0,0.0923,0.35658880933302833,0.245,0.495,0.45425,0.75
Un-Break My Heart,5Ihd9HrPvOADyVoonH9ZjB,0.413,0.625,0.426,0,0.116,0.37927950839468716,0.0271,0.112,0.5000818181818182,0.71
Not Gon' Cry,2OA0iq9hGkvUcS5qA1ZJnU,0.664,0.758,0.424,0,0.095,0.35621824921422374,0.0468,0.455,0.5003954545454545,0.52
He's So Fine - Remastered 2000,2Bs1Lw9LX8hBm70t1iGdlh,0.487,0.558,0.633,0,0.129,0.6857874144500933,0.0329,0.871,0.3295181818181818,0.54
Chain of Fools,2oZmMp5M6L0Rh7G84Um2tF,0.209,0.761,0.605,0,0.135,0.3186769697105566,0.0498,0.941,0.5320318181818182,0.64
Man! I Feel Like A Woman!,6sxptembJVty4sNtcPMAVz,0.581,0.657,0.639,0,0.278,0.41913880460515696,0.0412,0.674,0.5676454545454546,0.75
Something to Talk About,7ptJYMKI7Y1iWdqEZtBMGE,0.049,0.612,0.934,0,0.103,0.5532486765461361,0.0663,0.293,0.5909363636363636,0.61
Stand By Your Man,6xatfNMI8NkY5XxRHAeiS4,0.788,0.517,0.246,0.00105,0.133,0.250231155860422,0.0308,0.525,0.4783636363636363,0.56
Friends in Low Places,4OMj5QWwvYSUs9O0hsymts,0.617,0.553,0.655,0,0.0825,0.5095044551713543,0.0355,0.624,0.4897227272727273,0.61
Your Cheatin' Heart,3IK25HIyoNVGUfHgfaXgEU,0.879,0.669,0.219,0.00047,0.233,0.2491926347801421,0.0285,0.671,0.5812636363636363,0.52
Before He Cheats,0ZUo4YjG4saFnEJhdWp9Bt,0.271,0.519,0.749,0,0.119,0.6816013036412538,0.0405,0.29,0.6722954545454546,0.75
All My Ex's Live In Texas,7k1Xm1wy00hCKJDYJL5p1n,0.235,0.762,0.318,6.12e-06,0.138,0.15665542828386544,0.0355,0.677,0.5932545454545454,0.6
Achy Breaky Heart,2EoIt9vdgFRNW03u5IvFsQ,0.0711,0.795,0.582,0,0.12,0.30935458750189443,0.0306,0.965,0.5536272727272727,0.67
I've Got You Babe,73xGJdrGW5KXcGI1pf41lp,0.262,0.511,0.845,0,0.187,0.5708432961578654,0.0489,0.797,0.7857500000000001,0.46
My Heart Will Go On - Love Theme from "Titanic",3oEHQmhvFLiE7ZYES0ulzv,0.732,0.428,0.276,5.33e-06,0.117,0.2579505927251243,0.0312,0.0382,0.4508863636363636,0.77
Margaritaville,4EEjMyQub6tgFVshlM9j1M,0.736,0.804,0.542,0.00105,0.108,0.20651712630998,0.0344,0.874,0.5680681818181817,0.66
That's What She Said,1x6xY7mgpXFRnY8mPgXbx9,0.000646,0.412,0.874,0,0.103,0.5331080972082524,0.206,0.717,0.9040772727272727,0.34
Stacy's Mom,27L8sESb3KR79asDUBu8nW,0.0021,0.774,0.75,1.85e-05,0.0808,0.5659840622355732,0.0413,0.925,0.5364318181818182,0.76
Epilog (Ballad No.2),46Ckjb4zIAsViidNIU1raJ,0.972,0.174,0.00594,0.694,0.0946,0.018632951130166126,0.0475,0.0351,0.5909409090909091,0.0
As Long As You Love Me,0pwYLVXVknPSGUQb39cePC,0.0807,0.571,0.873,0,0.361,0.6765804207377077,0.0997,0.613,0.634959090909091,0.74
Build Me Up Buttercup,6sPOmDulFtLzfX25zICNrC,0.313,0.66,0.512,0,0.283,0.4361309661500597,0.0294,0.852,0.6073045454545455,0.75
Ignition - Remix,5dNfHmqgr128gMY2tc5CeJ,0.061,0.795,0.523,0,0.0914,0.4370388185845829,0.0423,0.855,0.6046545454545454,0.72
Pretty Fly (For A White Guy),3SFXsFpeGmBTtQvKiwYMDA,0.112,0.722,0.901,0,0.0674,0.6551967019291817,0.105,0.963,0.6518227272727273,0.74
One Fine Day,6vcG9EgeqJUSmmF65lxUm6,0.488,0.251,0.868,7.34e-06,0.814,0.7333124812988587,0.128,0.599,0.8051363636363637,0.64
2-Eleven,3fjxOfJbvpXh39lHEVjlMq,0.116,0.807,0.368,0.096,0.0902,0.1905401145782544,0.225,0.0959,0.5456318181818182,0.27
Faith - Remastered,0HEmnAUT8PHznIAAmVXqFJ,0.0094,0.887,0.48,3.58e-05,0.0662,0.2501733468656452,0.117,0.607,0.43566363636363636,0.76
Red Roses (feat. Landon Cube),3ZhTT6yjZwpPph5MIJ53XY,0.547,0.691,0.683,0,0.221,0.42853947211405,0.0954,0.456,0.6363727272727273,0.78
Caroline,5hTpBe8h35rJ67eAWHQsJx,0.17,0.941,0.335,0,0.262,0.30853370355838566,0.505,0.707,0.5456409090909091,0.79
Crazy Bitch,5XfQTbialQHn9PhDb0p85H,0.0247,0.661,0.978,0,0.0856,0.7018980171632474,0.107,0.592,0.4455409090909091,0.67
My Band,4XHQyvbrBsQaaBUW1VvmsL,0.497,0.851,0.849,2.05e-06,0.116,0.6765022636171509,0.0828,0.844,0.5455181818181818,0.7
Back At One,6mwA6YiKDjAUG8kWvRRUPh,0.542,0.649,0.357,0,0.151,0.349896466398799,0.0307,0.241,0.5899909090909091,0.73
Can�t Do It Without You - Duet,1R9mzRZ5oC2Z9SQhyigXlp,0.0214,0.587,0.686,0,0.035,0.6681142183180427,0.171,0.962,0.35292727272727276,0.4
Bring Me To Life,0COqiPhxzoWICwFCS4eZcp,0.00895,0.316,0.945,1.85e-06,0.396,0.6934353711428475,0.124,0.32,0.8633227272727273,0.8
Fat Lip,4KacUpvbA3Mfo05gttTjhN,0.000618,0.574,0.911,0,0.0769,0.5499351219727244,0.0715,0.573,0.44579545454545455,0.75
Always On Time,4hrae8atte6cRlSC9a7VCO,0.205,0.607,0.714,0,0.301,0.499595827588097,0.278,0.827,0.43917727272727275,0.74
Hot In Herre,04KTF78FFg8sOHC1BADqbY,0.218,0.965,0.736,0,0.0595,0.5609069380117495,0.144,0.921,0.48668181818181816,0.74
Int'l Players Anthem (I Choose You) (feat. OutKast),2bQdgtO42TfS37YWupeMrr,0.0598,0.697,0.681,0,0.301,0.555811144279265,0.219,0.82,0.35385,0.62
In Da Club,4RY96Asd9IefaL3X4LOLZ8,0.283,0.865,0.73,0,0.0753,0.7225486662355476,0.373,0.808,0.40952727272727274,0.73
Price Tag - We Just Wanna Make the World Dance,37zD3cq01CgyclL8cqbqsD,0.269,0.627,0.84,0,0.165,0.6812864097215448,0.0705,0.817,0.7949727272727273,0.08
Get Ya Freak On - Trap Mix,7dEAOJzBWUVHIyTpMvqIbt,0.000945,0.823,0.995,0.00221,0.0964,0.7861264700032993,0.211,0.745,0.7726909090909091,0.27
Gold Digger,1PS1QMdUqOal0ai3Gt7sDQ,0.0223,0.638,0.699,0,0.0917,0.5272893147580064,0.384,0.66,0.42245,0.8
Drop It Like It's Hot,2NBQmPrOEEjA8VbeWOQGxO,0.187,0.881,0.622,0,0.103,0.6192097099676919,0.215,0.633,0.4181318181818182,0.69
All About the Benjamins,0gEF7HzO1mYr9Hp4pdKalV,0.0852,0.825,0.725,4.27e-06,0.251,0.6194959117323408,0.204,0.704,0.40850909090909093,0.6
What's Your Fantasy (Featuring Shawna),4LwOrnuxJwR7C5Sw4liY4Z,0.171,0.914,0.813,0,0.124,0.6592206466916248,0.163,0.962,0.6367681818181818,0.65
Hey Look Ma I Made It,22oEJW6r2rMb9z4IntfyEa,0.0137,0.577,0.833,0,0.121,0.6801068526399134,0.0695,0.58,0.49061818181818184,0.82
So Fresh So Clean,6glsMWIMIxQ4BedzLqGVi4,0.0278,0.725,0.64,0,0.099,0.40122961467061247,0.332,0.915,0.7546772727272727,0.68
Let Me Blow Ya Mind,3RmKpob8xzv1pzHEQrMJah,0.243,0.909,0.539,0,0.0674,0.6100502551361117,0.116,0.869,0.40926363636363633,0.73
Get Low,0r2Bul2NuCViraT2zX1l5j,0.0301,0.521,0.625,0,0.121,0.42190789806500895,0.067,0.136,0.45917727272727277,0.73
Stay Fly - Explicit Album Version,5MYFw4T2gy52pOGBN4EYHS,0.108,0.789,0.881,0,0.355,0.5141756994169188,0.0331,0.647,0.6059136363636363,0.61
We Fly High,5rXkgeY6rpcHcsolCpXZHR,0.0847,0.685,0.8,0,0.092,0.46846072343621276,0.298,0.483,0.5464818181818182,0.59
Shake It Fast,10UJwHwGSXnljKk4Nw3qrf,0.00223,0.805,0.879,0,0.659,0.5924094940002428,0.16,0.747,0.7817636363636363,0.47
Mo Money Mo Problems - 2014 Remaster,4INDiWSKvqSKDEu7mh8HFz,0.0128,0.845,0.884,2.1e-06,0.203,0.594191552528466,0.0759,0.904,0.47516363636363634,0.75
Ruff Ryders' Anthem,1BKT2I9x4RGKaKqW4up34s,0.0564,0.88,0.577,1.02e-06,0.201,0.3926094127349372,0.302,0.74,0.41359545454545454,0.68
Gin And Juice (feat. Dat Nigga Daz),0WKYRFtH6KKbaNWjsxqm70,0.0285,0.549,0.853,0.000296,0.618,0.6089940340104166,0.188,0.346,0.43043181818181814,0.75
Knuck If You Buck (feat. Lil' Scrappy),0RZXNlGPvfMo54fd6uCvAT,0.0582,0.865,0.844,0,0.373,0.5647431088453259,0.311,0.755,0.6822272727272728,0.62
I Have Nothing,31er9IGsfFbwqy1pH4aiTP,0.576,0.54,0.401,0,0.164,0.29733612638292517,0.0364,0.24,0.6953363636363636,0.75
Kiss from a Rose,3YKptz29AsOlm7WAVnztBh,0.684,0.583,0.532,0,0.306,0.4398245379612178,0.0309,0.223,0.5988227272727273,0.74
Semi-Charmed Life,42et6fnHCw1HIPSrdPprMl,0.00832,0.64,0.864,0,0.123,0.4678117489157001,0.0315,0.7,0.4637545454545454,0.77
Love On The Brain,5oO3drDxtziYU2H1X23ZIp,0.0777,0.503,0.632,1.3e-05,0.0758,0.5707773535633869,0.0492,0.369,0.7814545454545454,0.82
Angel Of The Morning,6NVB6W7G3svCKe5zB7kY8q,0.433,0.456,0.233,6.42e-05,0.0538,0.23234384518859355,0.0255,0.424,0.3417,0.59
Give Me One Reason,4vDBJeeQCbhP9FaPPMsYkY,0.602,0.608,0.419,7.58e-06,0.108,0.3143985930670309,0.0331,0.602,0.45554545454545453,0.71
Let's Dance - 2018 Remaster,3ix6K4wZY29bCujrSznwFZ,0.0125,0.654,0.743,0.0272,0.153,0.4233726561812636,0.0605,0.632,0.5220272727272728,0.71
Here Comes Your Man,0cs671lxX2eoDzr2KMuo3N,0.0451,0.664,0.788,0.0416,0.117,0.24084329520646638,0.0294,0.869,0.5659545454545455,0.7
Best of My Love,2M2WJ7gBlcKNxdhyfPp9zY,0.447,0.784,0.713,0.14,0.0904,0.45245095923769374,0.0339,0.97,0.5247409090909091,0.68
Lovesick Blues - Show 9,6uzAorm9rlMshQ9rjKviNl,0.959,0.685,0.35,0,0.605,0.39324491075651136,0.0405,0.68,0.6073409090909091,0.51
Mary Jane's Last Dance,3dmqIB2Qxe2XZobw9gXxJ6,0.0272,0.464,0.655,1.34e-06,0.328,0.3511923522241793,0.0608,0.531,0.7705227272727272,0.74
Cake By The Ocean,76hfruVvmfQbw0eYn1nmeC,0.156,0.774,0.765,0,0.0373,0.5334777476790569,0.0502,0.917,0.5409136363636364,0.81
Part of Your World - From "The Little Mermaid" / Soundtrack Version,5J4pDyvjRrYfcgHetKjKSj,0.92,0.367,0.138,0.000215,0.281,0.17295876117908296,0.0365,0.342,0.4061681818181818,0.68
Teenage Dirtbag,3LI4MmibTkXH5cGpCGZgyw,0.36,0.617,0.84,8.85e-05,0.179,0.6253922877330913,0.0512,0.57,0.43034545454545453,0.73
Take Me or Leave Me,0E1NL6gkv5aQKGNjJfBE3A,0.318,0.457,0.763,0,0.0322,0.6705886638423557,0.255,0.87,0.7956500000000001,0.62
We Are The Champions - Remastered 2011,7ccI9cStQbQdystvc6TvxD,0.389,0.467,0.486,0,0.121,0.46409755432236904,0.0274,0.184,0.43274999999999997,0.69
Work from Home (feat. Ty Dolla $ign),4tCtwWceOPWzenK2HAIJSb,0.103,0.803,0.585,3.94e-06,0.0644,0.5080937653999841,0.0432,0.593,0.47735,0.79
Tonight You Belong To Me,6TGjPUIJuJYRnHc4tXiQDI,0.938,0.695,0.278,0,0.0858,0.35026045021053254,0.0303,0.742,0.4925227272727273,0.59
Baggy Trousers,3Sbnhrpec0ULbeWBsA6GS6,0.143,0.64,0.887,0,0.336,0.5481591280100881,0.0368,0.94,0.6570272727272727,0.34
I'm Too Sexy,2WElktskrNJEwgpp5Vouxk,4.91e-05,0.683,0.739,0.0122,0.293,0.22711580313144453,0.0495,0.836,0.5550590909090909,0.62
Uptown Girl,5zA8vzDGqPl2AzZkEYQGKh,0.0747,0.701,0.943,0,0.601,0.708251341010917,0.0456,0.791,0.5863272727272727,0.8
House Fire,1RJyToUKkGSEfJjavJHSsF,0.241,0.519,0.707,0.102,0.267,0.37787998207905665,0.0272,0.545,0.4243090909090909,0.64
Karma Chameleon - Remastered,2wSAWEYUHkt92X4SBAPqZE,0.225,0.668,0.73,0,0.188,0.43618135288537924,0.0366,0.894,0.4184045454545455,0.75
Video Games - Remastered,24jvD83UgLmrdGjhWTFslY,0.811,0.236,0.249,1e-06,0.087,0.3300675771493887,0.0348,0.181,0.33112272727272724,0.66
Forgot About Dre,7iXF2W9vKmDoGAhlHdpyIa,0.0879,0.937,0.731,0,0.163,0.7816890137502879,0.0815,0.626,0.6089136363636364,0.72
My Immortal,4UzVcXufOhGUwF56HT7b8M,0.862,0.186,0.29,0,0.13,0.35322678882409486,0.0333,0.0776,0.31360000000000005,0.76
Cry Me a River,7Lf7oSEVdzZqTA0kEDSlS5,0.575,0.624,0.653,0,0.104,0.4674875988757277,0.176,0.565,0.33583636363636366,0.77
Skinny Love,2cbic3TiUENlJX91y67ARR,0.844,0.593,0.263,5.36e-06,0.127,0.1977614776748786,0.0567,0.109,0.3471772727272727,0.73
Under Pressure - Remastered,11IzgLRXV7Cgek3tEgGgjw,0.444,0.667,0.705,0,0.107,0.4128911306586994,0.0488,0.506,0.5173090909090909,0.75
Ebony And Ivory - Remixed 2015,3fVSMbeq8tY3G85yxcJwRU,0.0784,0.567,0.692,0,0.0338,0.40234360297735955,0.0379,0.708,0.7304409090909091,0.63
Through Glass,5NeIONQWJ25uPylJBJiO4c,0.0417,0.545,0.753,0,0.389,0.5865529814760899,0.036,0.434,0.4807,0.74
(I've Had) The Time of My Life - From "Dirty Dancing" Soundtrack,4BFMQ15vXr626UOoZL8bUI,0.0874,0.7,0.781,0.00342,0.059,0.3853300666828957,0.0507,0.385,0.4940681818181818,0.71
Fairytale of New York (feat. Kirsty MacColl),3VTNVsTTu05dmTsVFrmGpK,0.501,0.319,0.651,4.73e-05,0.241,0.48101929365055396,0.0342,0.474,0.5386409090909091,0.62
Here Comes The Sun - Remastered 2009,6dGnYIeXmHdcikdzNNDMm2,0.0339,0.557,0.54,0.00248,0.179,0.2978518173102235,0.0347,0.394,0.5871409090909091,0.84
A Whole New World (End Title) - From "Aladdin",1iWHabUgUuuKLBa0TzTHfk,0.0575,0.302,0.414,0,0.0861,0.3895822898302499,0.0319,0.105,0.5023090909090909,0.81
Under the Sea - From "The Little Mermaid" / Soundtrack Version,4qqfI5oNO53a6W7nWfutKH,0.709,0.545,0.454,0,0.0914,0.17247988184292062,0.167,0.869,0.4532818181818182,0.69
Don't Stop Moving,1w9aT86ZdcVgpkBXZa89us,1.27e-05,0.43,0.8,0.89,0.277,0.367929178906404,0.0306,0.662,0.5911863636363637,0.23
Lose Yourself - From "8 Mile" Soundtrack,5Z01UMMf7V1o0MzF86s6WJ,0.00704,0.698,0.732,0.000647,0.359,0.5930942677490848,0.266,0.0689,0.7792318181818182,0.79
California Love - Original Version,3djNBlI7xOggg7pnsOLaNm,0.0292,0.761,0.847,2.26e-06,0.39,0.7015737463370625,0.0417,0.765,0.41599545454545456,0.68
Can't Hold Us - feat. Ray Dalton,3bidbhpOYeV4knp8AIu8Xn,0.0291,0.641,0.922,0,0.0862,0.5975646318143114,0.0786,0.847,0.6639909090909091,0.83
Fight For Your Right,5NLuC70kZQv8q34QyQa1DP,0.129,0.673,0.72,0.0133,0.0813,0.30037430977626123,0.0376,0.6,0.6073636363636364,0.7
Still D.R.E.,503OTo2dSqe7qk76rgsbep,0.177,0.821,0.774,0.000676,0.0577,0.6737724449401908,0.235,0.547,0.4246590909090909,0.76
Where Is The Love?,3CNqo3gYrfexdrtjFmC9he,0.104,0.835,0.706,0,0.137,0.6894414772951429,0.193,0.843,0.42766363636363636,0.69
Mr. Brightside,7oK9VyNzrYvRFo7nQEYkWN,0.00108,0.33,0.936,0,0.0926,0.6551967019291817,0.0917,0.234,0.6732363636363636,0.79
Thunderstruck,57bgtoPSgt236HzfBOd8kj,0.000147,0.501,0.889,0.0114,0.217,0.5499986566391077,0.0364,0.257,0.6069045454545455,0.83
Seven Nation Army,7i6r9KotUPQg3ozKKgEPIN,0.00817,0.737,0.463,0.447,0.255,0.4048146295089893,0.0792,0.324,0.5630954545454545,0.76
Come On Eileen,2Hw2JEL4tjdcX8aERfIdBF,0.658,0.45,0.674,4.29e-06,0.404,0.4599875333463037,0.0485,0.72,0.48617727272727274,0.73
Welcome To The Jungle,0G21yYKMZoHa30cYVi1iA8,0.0195,0.453,0.987,0.283,0.268,0.5956348202129351,0.0889,0.316,0.5615636363636364,0.74
Baba O'Riley,3qiyyUfYe7CRYLucrPmulD,0.287,0.494,0.722,0.186,0.283,0.38011292837701516,0.0347,0.156,0.5332363636363636,0.79
Killing In The Name,59WN2psjkt1tyaxjspN8fp,0.0266,0.466,0.833,0,0.0327,0.6145064250198743,0.304,0.661,0.4035681818181818,0.79
Get Down On It,4yKZACkuudvfd600H2dQie,0.205,0.879,0.626,6.07e-05,0.056,0.4805194278052521,0.0604,0.968,0.5039272727272728,0.71
Disco Inferno,69bHJ9qs5FrUJbKP8xU8uZ,0.206,0.925,0.659,7.88e-05,0.279,0.5768094343199872,0.231,0.71,0.4409909090909091,0.69
I'm Coming Out,3SnGymj6ijE2iuUfWxLo1q,0.179,0.729,0.832,0.352,0.0806,0.34675774228284634,0.0479,0.758,0.5005272727272727,0.65
Boogie Wonderland,6ztstiyZL6FXzh4aG46ZPD,0.0843,0.802,0.756,0.00765,0.0521,0.2874733254084819,0.0349,0.963,0.5987045454545454,0.74
Always On My Mind,2xYQTU2bbg6WVAmpY1eae4,0.755,0.518,0.261,0.00106,0.144,0.2014741520816227,0.0272,0.2,0.33334545454545456,0.64
The Gambler,5KqldkCunQ2rWxruMEtGh0,0.342,0.671,0.501,0,0.194,0.21968374045030403,0.0594,0.86,0.3956272727272727,0.72
You Can't Stop The Beat,3pMsqOoZTtzUiZXmDVtrCD,0.0382,0.52,0.944,0,0.141,0.5796149318272649,0.157,0.725,0.7749272727272728,0.63
Defying Gravity - From "Wicked" Original Broadway Cast Recording/2003,1bpnYrDCforv9ctJMzJRV8,0.737,0.306,0.377,0,0.0365,0.39274550437020755,0.0344,0.245,0.3896090909090909,0.6
Overture/And All That Jazz,3cGmUgp7hF5Eb8NyuEmtCA,0.381,0.579,0.597,2.7e-05,0.326,0.4697071087795259,0.111,0.703,0.5451,0.55
Sweet Transvestite,0K9n8TBThz4xNAkF1eIlB6,0.592,0.543,0.422,0,0.246,0.24307947732567114,0.383,0.527,0.48702727272727275,0.61
Alexander Hamilton,4TTV7EcfroSLWzXRY6gLv6,0.524,0.609,0.435,0,0.118,0.4032277034654203,0.284,0.563,0.599990909090909,0.72
It's a Hard-Knock Life,7zoA6E91FMl40XTnx9OfIk,0.916,0.608,0.18,0.00176,0.129,0.216009499804663,0.0497,0.314,0.6158545454545454,0.4
A Million Dreams,0RoA7ObU6phWpqhlC9zH4Z,0.243,0.265,0.312,0,0.0893,0.2591453358824438,0.0569,0.0998,0.24885,0.78
Dodged A Bullet,2PGNudaDNKEG6ae7dVfp8g,0.135,0.497,0.464,5.55e-05,0.566,0.31900847708283947,0.0269,0.222,0.36344090909090904,0.47
Party In The USA,5JBO4s2J2wfefYy0kOzIbM,0.0101,0.689,0.577,0,0.102,0.37570355353444845,0.0317,0.854,0.43630454545454544,0.41
All The Small Things,2m1hi0nfMR9vdGC8UcrnwU,0.0103,0.434,0.897,0,0.612,0.5665728336469373,0.0488,0.684,0.6760272727272727,0.81
Smells Like Teen Spirit,5ghIJDpPoe3CfHMGu71E6T,2.86e-05,0.516,0.906,0.000101,0.105,0.592888752554463,0.0658,0.728,0.5307954545454546,0.76
Thinking out Loud,34gCuhDGsG4bRPIf9bb02f,0.474,0.781,0.445,0,0.184,0.4964888877598856,0.0295,0.591,0.3590818181818182,0.85
Blue Christmas,3QiAAp20rPC3dcAtKtMaqQ,0.902,0.465,0.27,0.00104,0.145,0.14591161812480274,0.0425,0.58,0.4296318181818182,0.6
We're Going To Ibiza,3i58kGjKF99dc8QKUTPzwH,0.0013,0.705,0.746,0.771,0.049,0.22609484439027203,0.0431,0.887,0.4819045454545455,0.0
Evil Woman,777NOXupZkFdg8zlPMoVqc,0.457,0.677,0.619,0.000149,0.221,0.4230792983001449,0.0334,0.74,0.5437454545454545,0.66
Space Oddity - 2015 Remaster,72Z17vmmeQKAg8bptWvpVG,0.0748,0.299,0.443,0.000138,0.177,0.23269304571689603,0.0346,0.434,0.6342681818181818,0.74
PS I Still Love You,5SwfG5qoNSnJeNJR6L1Dpd,0.972,0.639,0.0423,0.859,0.129,0.04551544512426301,0.0453,0.282,0.4501727272727273,0.19
American Pie,1fDsrQ23eTAVFElUMaf38X,0.699,0.531,0.481,0,0.0842,0.2585472741933819,0.06,0.491,0.6293181818181818,0.75
De Do Do Do De Da Da Da,0yJvWbn8xQKiDZ84VN5lQG,0.06,0.78,0.523,0.0629,0.24,0.3583231932667556,0.051,0.855,0.6720909090909092,0.62
Tequila,7Il2yWQmsqKgSkLQvHTPUI,0.0292,0.474,0.594,0,0.133,0.5142945129543894,0.0289,0.503,0.39150454545454544,0.78
Save Tonight,1t2Hq2WIBcZINOEnK6mdJG,9.24e-05,0.547,0.693,5.46e-05,0.113,0.3624029656811386,0.0353,0.583,0.5434863636363636,0.66
Knockin' On Heaven's Door,4JiEyzf0Md7KEFFGWDDdCr,0.0211,0.496,0.739,0.00444,0.106,0.435627418817171,0.0415,0.378,0.6018636363636364,0.79
When I Come Around,1Dr1fXbc2IxaK1Mu8P8Khz,0.0175,0.531,0.909,0,0.231,0.6130174300265782,0.034,0.814,0.4433909090909091,0.77
I Love Rock 'N Roll,2Cdvbe2G4hZsnhNMKyGrie,0.326,0.535,0.716,0,0.659,0.5596124638140505,0.0431,0.901,0.42899545454545457,0.74
Brown Eyed Girl,3yrSvpt2l1xhsV9Em88Pul,0.182,0.491,0.583,0,0.407,0.2817849893574521,0.0376,0.907,0.6844181818181818,0.81
Take The Money And Run,1ZhrREyOOeFV6TxDOyiPwu,0.0504,0.571,0.633,1.64e-06,0.171,0.22422203991550368,0.0475,0.857,0.44732727272727274,0.7
Island In The Sun,2MLHyLy5z5l5YRp7momlgw,0.00719,0.654,0.81,0.00251,0.165,0.48520511574677033,0.0288,0.661,0.5210136363636364,0.78
Spiderwebs,4ZD6SiaJi75smnel0d7jl3,0.0397,0.49,0.841,1.47e-05,0.0987,0.4412495360760427,0.0544,0.697,0.6515318181818182,0.6
Bitter Sweet Symphony,57iDDD9N9tTWe75x6qhStw,0.0335,0.356,0.917,0,0.406,0.4996535464952262,0.0479,0.518,0.7780727272727272,0.8
You Win Again,22rWCwnb3rvPg8lzns0kVG,0.347,0.324,0.734,0.00304,0.22,0.3188979363259671,0.061,0.103,0.4692363636363636,0.1
Basket Case,6L89mwZXSOwYl76YXfX13s,0.00293,0.442,0.943,8.71e-06,0.091,0.6905574431395687,0.0602,0.781,0.3866545454545454,0.81
I Don't Care (with Justin Bieber),3HVWdVOQ0ZA45FuZGSfvns,0.0912,0.798,0.675,0,0.0894,0.5585790357279692,0.0442,0.842,0.46343636363636365,0.94
Or Nah - Remix,7t2bFihaDvhIrd2gn2CWJO,0.22,0.805,0.33,0,0.105,0.3655143621000083,0.1,0.211,0.5544090909090909,0.79
Save Tonight,1t2Hq2WIBcZINOEnK6mdJG,9.24e-05,0.547,0.693,5.46e-05,0.113,0.3624029656811386,0.0353,0.583,0.5434863636363636,0.66
You Wreck Me,0YkbYk24ODhuewb79zZZzM,0.000605,0.479,0.89,0.000345,0.0932,0.5927517819894597,0.0374,0.795,0.7476863636363636,0.59
Yer So Bad,2ZS3jFe6p8UoVyrY5jWBlF,0.00891,0.571,0.533,0,0.194,0.2290392357547227,0.0288,0.758,0.41120909090909086,0.53
Runnin' Down A Dream,5yAu4njFSdM47dfsTkQPZ2,0.000596,0.471,0.956,0.62,0.624,0.4790229448155748,0.0403,0.715,0.7718090909090909,0.7
I Won't Back Down,7gSQv1OHpkIoAdUiRLdmI6,0.0512,0.783,0.502,3.15e-06,0.156,0.212789666877506,0.0325,0.962,0.5182727272727272,0.74
American Girl,7MRyJPksH3G2cXHN8UKYzP,0.448,0.55,0.824,0.000127,0.366,0.5006936278556672,0.0334,0.777,0.5205090909090909,0.76
